{"cameraMode":{"drawMode":0,"name":"Shaded","section":"Shading Mode"},"sceneLighting":true,"audioPlay":false,"sceneViewState":{"showFog":true,"showMaterialUpdate":false,"showSkybox":true,"showFlares":true,"showImageEffects":true,"showParticleSystems":true},"in2DMode":false,"pivot":{"x":312.3626708984375,"y":1135.40478515625,"z":-596.348876953125},"rotation":{"x":-0.03386373072862625,"y":0.9638183116912842,"z":-0.21786710619926454,"w":-0.1498088836669922},"size":2500.938232421875,"orthographic":false}